referencia,ano,mes,Anomes,valor,consolidado
1940-07,1940,07,,0.000000000000087273,false
1940-08,1940,08,,0.000000000000087273,false
1940-09,1940,09,,0.000000000000087273,false
1940-10,1940,10,,0.000000000000087273,false
1940-11,1940,11,,0.000000000000087273,false
1940-12,1940,12,,0.000000000000087273,false
1941-01,1941,01,,0.000000000000087273,false
1941-02,1941,02,,0.000000000000087273,false
1941-03,1941,03,,0.000000000000087273,false
1941-04,1941,04,,0.000000000000087273,false
1941-05,1941,05,,0.000000000000087273,false
1941-06,1941,06,,0.000000000000087273,false
1941-07,1941,07,,0.000000000000087273,false
1941-08,1941,08,,0.000000000000087273,false
1941-09,1941,09,,0.000000000000087273,false
1941-10,1941,10,,0.000000000000087273,false
1941-11,1941,11,,0.000000000000087273,false
1941-12,1941,12,,0.000000000000087273,false
1942-01,1942,01,,0.000000000000087273,false
1942-02,1942,02,,0.000000000000087273,false
1942-03,1942,03,,0.000000000000087273,false
1942-04,1942,04,,0.000000000000087273,false
1942-05,1942,05,,0.000000000000087273,false
1942-06,1942,06,,0.000000000000087273,false
1942-07,1942,07,,0.000000000000087273,false
1942-08,1942,08,,0.000000000000087273,false
1942-09,1942,09,,0.000000000000087273,false
1942-10,1942,10,,0.000000000000087273,false
1942-11,1942,11,,0.000000000000087273,false
1942-12,1942,12,,0.000000000000087273,false
1943-01,1943,01,,0.000000000000087273,false
1943-02,1943,02,,0.000000000000087273,false
1943-03,1943,03,,0.000000000000087273,false
1943-04,1943,04,,0.000000000000087273,false
1943-05,1943,05,,0.000000000000087273,false
1943-06,1943,06,,0.000000000000087273,false
1943-07,1943,07,,0.00000000000010909,false
1943-08,1943,08,,0.00000000000010909,false
1943-09,1943,09,,0.00000000000010909,false
1943-10,1943,10,,0.00000000000010909,false
1943-11,1943,11,,0.00000000000010909,false
1943-12,1943,12,,0.00000000000013818,false
1944-01,1944,01,,0.00000000000013818,false
1944-02,1944,02,,0.00000000000013818,false
1944-03,1944,03,,0.00000000000013818,false
1944-04,1944,04,,0.00000000000013818,false
1944-05,1944,05,,0.00000000000013818,false
1944-06,1944,06,,0.00000000000013818,false
1944-07,1944,07,,0.00000000000013818,false
1944-08,1944,08,,0.00000000000013818,false
1944-09,1944,09,,0.00000000000013818,false
1944-10,1944,10,,0.00000000000013818,false
1944-11,1944,11,,0.00000000000013818,false
1944-12,1944,12,,0.00000000000013818,false
1945-01,1945,01,,0.00000000000013818,false
1945-02,1945,02,,0.00000000000013818,false
1945-03,1945,03,,0.00000000000013818,false
1945-04,1945,04,,0.00000000000013818,false
1945-05,1945,05,,0.00000000000013818,false
1945-06,1945,06,,0.00000000000013818,false
1945-07,1945,07,,0.00000000000013818,false
1945-08,1945,08,,0.00000000000013818,false
1945-09,1945,09,,0.00000000000013818,false
1945-10,1945,10,,0.00000000000013818,false
1945-11,1945,11,,0.00000000000013818,false
1945-12,1945,12,,0.00000000000013818,false
1946-01,1946,01,,0.00000000000013818,false
1946-02,1946,02,,0.00000000000013818,false
1946-03,1946,03,,0.00000000000013818,false
1946-04,1946,04,,0.00000000000013818,false
1946-05,1946,05,,0.00000000000013818,false
1946-06,1946,06,,0.00000000000013818,false
1946-07,1946,07,,0.00000000000013818,false
1946-08,1946,08,,0.00000000000013818,false
1946-09,1946,09,,0.00000000000013818,false
1946-10,1946,10,,0.00000000000013818,false
1946-11,1946,11,,0.00000000000013818,false
1946-12,1946,12,,0.00000000000013818,false
1947-01,1947,01,,0.00000000000013818,false
1947-02,1947,02,,0.00000000000013818,false
1947-03,1947,03,,0.00000000000013818,false
1947-04,1947,04,,0.00000000000013818,false
1947-05,1947,05,,0.00000000000013818,false
1947-06,1947,06,,0.00000000000013818,false
1947-07,1947,07,,0.00000000000013818,false
1947-08,1947,08,,0.00000000000013818,false
1947-09,1947,09,,0.00000000000013818,false
1947-10,1947,10,,0.00000000000013818,false
1947-11,1947,11,,0.00000000000013818,false
1947-12,1947,12,,0.00000000000013818,false
1948-01,1948,01,,0.00000000000013818,false
1948-02,1948,02,,0.00000000000013818,false
1948-03,1948,03,,0.00000000000013818,false
1948-04,1948,04,,0.00000000000013818,false
1948-05,1948,05,,0.00000000000013818,false
1948-06,1948,06,,0.00000000000013818,false
1948-07,1948,07,,0.00000000000013818,false
1948-08,1948,08,,0.00000000000013818,false
1948-09,1948,09,,0.00000000000013818,false
1948-10,1948,10,,0.00000000000013818,false
1948-11,1948,11,,0.00000000000013818,false
1948-12,1948,12,,0.00000000000013818,false
1949-01,1949,01,,0.00000000000013818,false
1949-02,1949,02,,0.00000000000013818,false
1949-03,1949,03,,0.00000000000013818,false
1949-04,1949,04,,0.00000000000013818,false
1949-05,1949,05,,0.00000000000013818,false
1949-06,1949,06,,0.00000000000013818,false
1949-07,1949,07,,0.00000000000013818,false
1949-08,1949,08,,0.00000000000013818,false
1949-09,1949,09,,0.00000000000013818,false
1949-10,1949,10,,0.00000000000013818,false
1949-11,1949,11,,0.00000000000013818,false
1949-12,1949,12,,0.00000000000013818,false
1950-01,1950,01,,0.00000000000013818,false
1950-02,1950,02,,0.00000000000013818,false
1950-03,1950,03,,0.00000000000013818,false
1950-04,1950,04,,0.00000000000013818,false
1950-05,1950,05,,0.00000000000013818,false
1950-06,1950,06,,0.00000000000013818,false
1950-07,1950,07,,0.00000000000013818,false
1950-08,1950,08,,0.00000000000013818,false
1950-09,1950,09,,0.00000000000013818,false
1950-10,1950,10,,0.00000000000013818,false
1950-11,1950,11,,0.00000000000013818,false
1950-12,1950,12,,0.00000000000013818,false
1951-01,1951,01,,0.00000000000013818,false
1951-02,1951,02,,0.00000000000013818,false
1951-03,1951,03,,0.00000000000013818,false
1951-04,1951,04,,0.00000000000013818,false
1951-05,1951,05,,0.00000000000013818,false
1951-06,1951,06,,0.00000000000013818,false
1951-07,1951,07,,0.00000000000013818,false
1951-08,1951,08,,0.00000000000013818,false
1951-09,1951,09,,0.00000000000013818,false
1951-10,1951,10,,0.00000000000013818,false
1951-11,1951,11,,0.00000000000013818,false
1951-12,1951,12,,0.00000000000013818,false
1952-01,1952,01,,0.00000000000043636,false
1952-02,1952,02,,0.00000000000043636,false
1952-03,1952,03,,0.00000000000043636,false
1952-04,1952,04,,0.00000000000043636,false
1952-05,1952,05,,0.00000000000043636,false
1952-06,1952,06,,0.00000000000043636,false
1952-07,1952,07,,0.00000000000043636,false
1952-08,1952,08,,0.00000000000043636,false
1952-09,1952,09,,0.00000000000043636,false
1952-10,1952,10,,0.00000000000043636,false
1952-11,1952,11,,0.00000000000043636,false
1952-12,1952,12,,0.00000000000043636,false
1953-01,1953,01,,0.00000000000043636,false
1953-02,1953,02,,0.00000000000043636,false
1953-03,1953,03,,0.00000000000043636,false
1953-04,1953,04,,0.00000000000043636,false
1953-05,1953,05,,0.00000000000043636,false
1953-06,1953,06,,0.00000000000043636,false
1953-07,1953,07,,0.00000000000043636,false
1953-08,1953,08,,0.00000000000043636,false
1953-09,1953,09,,0.00000000000043636,false
1953-10,1953,10,,0.00000000000043636,false
1953-11,1953,11,,0.00000000000043636,false
1953-12,1953,12,,0.00000000000043636,false
1954-01,1954,01,,0.00000000000043636,false
1954-02,1954,02,,0.00000000000043636,false
1954-03,1954,03,,0.00000000000043636,false
1954-04,1954,04,,0.00000000000043636,false
1954-05,1954,05,,0.00000000000043636,false
1954-06,1954,06,,0.00000000000043636,false
1954-07,1954,07,,0.00000000000087273,false
1954-08,1954,08,,0.00000000000087273,false
1954-09,1954,09,,0.00000000000087273,false
1954-10,1954,10,,0.00000000000087273,false
1954-11,1954,11,,0.00000000000087273,false
1954-12,1954,12,,0.00000000000087273,false
1955-01,1955,01,,0.00000000000087273,false
1955-02,1955,02,,0.00000000000087273,false
1955-03,1955,03,,0.00000000000087273,false
1955-04,1955,04,,0.00000000000087273,false
1955-05,1955,05,,0.00000000000087273,false
1955-06,1955,06,,0.00000000000087273,false
1955-07,1955,07,,0.00000000000087273,false
1955-08,1955,08,,0.00000000000087273,false
1955-09,1955,09,,0.00000000000087273,false
1955-10,1955,10,,0.00000000000087273,false
1955-11,1955,11,,0.00000000000087273,false
1955-12,1955,12,,0.00000000000087273,false
1956-01,1956,01,,0.00000000000087273,false
1956-02,1956,02,,0.00000000000087273,false
1956-03,1956,03,,0.00000000000087273,false
1956-04,1956,04,,0.00000000000087273,false
1956-05,1956,05,,0.00000000000087273,false
1956-06,1956,06,,0.00000000000087273,false
1956-07,1956,07,,0.00000000000087273,false
1956-08,1956,08,,0.0000000000013818,false
1956-09,1956,09,,0.0000000000013818,false
1956-10,1956,10,,0.0000000000013818,false
1956-11,1956,11,,0.0000000000013818,false
1956-12,1956,12,,0.0000000000013818,false
1957-01,1957,01,,0.0000000000013818,false
1957-02,1957,02,,0.0000000000013818,false
1957-03,1957,03,,0.0000000000013818,false
1957-04,1957,04,,0.0000000000013818,false
1957-05,1957,05,,0.0000000000013818,false
1957-06,1957,06,,0.0000000000013818,false
1957-07,1957,07,,0.0000000000013818,false
1957-08,1957,08,,0.0000000000013818,false
1957-09,1957,09,,0.0000000000013818,false
1957-10,1957,10,,0.0000000000013818,false
1957-11,1957,11,,0.0000000000013818,false
1957-12,1957,12,,0.0000000000013818,false
1958-01,1958,01,,0.0000000000013818,false
1958-02,1958,02,,0.0000000000013818,false
1958-03,1958,03,,0.0000000000013818,false
1958-04,1958,04,,0.0000000000013818,false
1958-05,1958,05,,0.0000000000013818,false
1958-06,1958,06,,0.0000000000013818,false
1958-07,1958,07,,0.0000000000013818,false
1958-08,1958,08,,0.0000000000013818,false
1958-09,1958,09,,0.0000000000013818,false
1958-10,1958,10,,0.0000000000013818,false
1958-11,1958,11,,0.0000000000013818,false
1958-12,1958,12,,0.0000000000013818,false
1959-01,1959,01,,0.0000000000021818,false
1959-02,1959,02,,0.0000000000021818,false
1959-03,1959,03,,0.0000000000021818,false
1959-04,1959,04,,0.0000000000021818,false
1959-05,1959,05,,0.0000000000021818,false
1959-06,1959,06,,0.0000000000021818,false
1959-07,1959,07,,0.0000000000021818,false
1959-08,1959,08,,0.0000000000021818,false
1959-09,1959,09,,0.0000000000021818,false
1959-10,1959,10,,0.0000000000021818,false
1959-11,1959,11,,0.0000000000021818,false
1959-12,1959,12,,0.0000000000021818,false
1960-01,1960,01,,0.0000000000021818,false
1960-02,1960,02,,0.0000000000021818,false
1960-03,1960,03,,0.0000000000021818,false
1960-04,1960,04,,0.0000000000021818,false
1960-05,1960,05,,0.0000000000021818,false
1960-06,1960,06,,0.0000000000021818,false
1960-07,1960,07,,0.0000000000021818,false
1960-08,1960,08,,0.0000000000021818,false
1960-09,1960,09,,0.0000000000021818,false
1960-10,1960,10,,0.0000000000034909,false
1960-11,1960,11,,0.0000000000034909,false
1960-12,1960,12,,0.0000000000034909,false
1961-01,1961,01,,0.0000000000034909,false
1961-02,1961,02,,0.0000000000034909,false
1961-03,1961,03,,0.0000000000034909,false
1961-04,1961,04,,0.0000000000034909,false
1961-05,1961,05,,0.0000000000034909,false
1961-06,1961,06,,0.0000000000034909,false
1961-07,1961,07,,0.0000000000034909,false
1961-08,1961,08,,0.0000000000034909,false
1961-09,1961,09,,0.0000000000034909,false
1961-10,1961,10,,0.0000000000048873,false
1961-11,1961,11,,0.0000000000048873,false
1961-12,1961,12,,0.0000000000048873,false
1962-01,1962,01,,0.0000000000048873,false
1962-02,1962,02,,0.0000000000048873,false
1962-03,1962,03,,0.0000000000048873,false
1962-04,1962,04,,0.0000000000048873,false
1962-05,1962,05,,0.0000000000048873,false
1962-06,1962,06,,0.0000000000048873,false
1962-07,1962,07,,0.0000000000048873,false
1962-08,1962,08,,0.0000000000048873,false
1962-09,1962,09,,0.0000000000048873,false
1962-10,1962,10,,0.0000000000048873,false
1962-11,1962,11,,0.0000000000048873,false
1962-12,1962,12,,0.0000000000048873,false
1963-01,1963,01,,0.0000000000076364,false
1963-02,1963,02,,0.0000000000076364,false
1963-03,1963,03,,0.0000000000076364,false
1963-04,1963,04,,0.0000000000076364,false
1963-05,1963,05,,0.0000000000076364,false
1963-06,1963,06,,0.0000000000076364,false
1963-07,1963,07,,0.0000000000076364,false
1963-08,1963,08,,0.0000000000076364,false
1963-09,1963,09,,0.0000000000076364,false
1963-10,1963,10,,0.0000000000076364,false
1963-11,1963,11,,0.0000000000076364,false
1963-12,1963,12,,0.0000000000076364,false
1964-01,1964,01,,0.0000000000076364,false
1964-02,1964,02,,0.000000000015273,false
1964-03,1964,03,,0.000000000015273,false
1964-04,1964,04,,0.000000000015273,false
1964-05,1964,05,,0.000000000015273,false
1964-06,1964,06,,0.000000000015273,false
1964-07,1964,07,,0.000000000015273,false
1964-08,1964,08,,0.000000000015273,false
1964-09,1964,09,,0.000000000015273,false
1964-10,1964,10,,0.000000000015273,false
1964-11,1964,11,,0.000000000015273,false
1964-12,1964,12,,0.000000000015273,false
1965-01,1965,01,,0.000000000015273,false
1965-02,1965,02,,0.000000000015273,false
1965-03,1965,03,,0.000000000024,false
1965-04,1965,04,,0.000000000024,false
1965-05,1965,05,,0.000000000024,false
1965-06,1965,06,,0.000000000024,false
1965-07,1965,07,,0.000000000024,false
1965-08,1965,08,,0.000000000024,false
1965-09,1965,09,,0.000000000024,false
1965-10,1965,10,,0.000000000024,false
1965-11,1965,11,,0.000000000024,false
1965-12,1965,12,,0.000000000024,false
1966-01,1966,01,,0.000000000024,false
1966-02,1966,02,,0.000000000024,false
1966-03,1966,03,,0.000000000030545,false
1966-04,1966,04,,0.000000000030545,false
1966-05,1966,05,,0.000000000030545,false
1966-06,1966,06,,0.000000000030545,false
1966-07,1966,07,,0.000000000030545,false
1966-08,1966,08,,0.000000000030545,false
1966-09,1966,09,,0.000000000030545,false
1966-10,1966,10,,0.000000000030545,false
1966-11,1966,11,,0.000000000030545,false
1966-12,1966,12,,0.000000000030545,false
1967-01,1967,01,,0.000000000030545,false
1967-02,1967,02,,0.000000000030545,false
1967-03,1967,03,,0.000000000038182,false
1967-04,1967,04,,0.000000000038182,false
1967-05,1967,05,,0.000000000038182,false
1967-06,1967,06,,0.000000000038182,false
1967-07,1967,07,,0.000000000038182,false
1967-08,1967,08,,0.000000000038182,false
1967-09,1967,09,,0.000000000038182,false
1967-10,1967,10,,0.000000000038182,false
1967-11,1967,11,,0.000000000038182,false
1967-12,1967,12,,0.000000000038182,false
1968-01,1968,01,,0.000000000038182,false
1968-02,1968,02,,0.000000000038182,false
1968-03,1968,03,,0.000000000047127,false
1968-04,1968,04,,0.000000000047127,false
1968-05,1968,05,,0.000000000047127,false
1968-06,1968,06,,0.000000000047127,false
1968-07,1968,07,,0.000000000047127,false
1968-08,1968,08,,0.000000000047127,false
1968-09,1968,09,,0.000000000047127,false
1968-10,1968,10,,0.000000000047127,false
1968-11,1968,11,,0.000000000047127,false
1968-12,1968,12,,0.000000000047127,false
1969-01,1969,01,,0.000000000047127,false
1969-02,1969,02,,0.000000000047127,false
1969-03,1969,03,,0.000000000047127,false
1969-04,1969,04,,0.000000000047127,false
1969-05,1969,05,,0.000000000056727,false
1969-06,1969,06,,0.000000000056727,false
1969-07,1969,07,,0.000000000056727,false
1969-08,1969,08,,0.000000000056727,false
1969-09,1969,09,,0.000000000056727,false
1969-10,1969,10,,0.000000000056727,false
1969-11,1969,11,,0.000000000056727,false
1969-12,1969,12,,0.000000000056727,false
1970-01,1970,01,,0.000000000056727,false
1970-02,1970,02,,0.000000000056727,false
1970-03,1970,03,,0.000000000056727,false
1970-04,1970,04,,0.000000000056727,false
1970-05,1970,05,,0.000000000068073,false
1970-06,1970,06,,0.000000000068073,false
1970-07,1970,07,,0.000000000068073,false
1970-08,1970,08,,0.000000000068073,false
1970-09,1970,09,,0.000000000068073,false
1970-10,1970,10,,0.000000000068073,false
1970-11,1970,11,,0.000000000068073,false
1970-12,1970,12,,0.000000000068073,false
1971-01,1971,01,,0.000000000068073,false
1971-02,1971,02,,0.000000000068073,false
1971-03,1971,03,,0.000000000068073,false
1971-04,1971,04,,0.000000000068073,false
1971-05,1971,05,,0.000000000082036,false
1971-06,1971,06,,0.000000000082036,false
1971-07,1971,07,,0.000000000082036,false
1971-08,1971,08,,0.000000000082036,false
1971-09,1971,09,,0.000000000082036,false
1971-10,1971,10,,0.000000000082036,false
1971-11,1971,11,,0.000000000082036,false
1971-12,1971,12,,0.000000000082036,false
1972-01,1972,01,,0.000000000082036,false
1972-02,1972,02,,0.000000000082036,false
1972-03,1972,03,,0.000000000082036,false
1972-04,1972,04,,0.000000000082036,false
1972-05,1972,05,,0.000000000097745,false
1972-06,1972,06,,0.000000000097745,false
1972-07,1972,07,,0.000000000097745,false
1972-08,1972,08,,0.000000000097745,false
1972-09,1972,09,,0.000000000097745,false
1972-10,1972,10,,0.000000000097745,false
1972-11,1972,11,,0.000000000097745,false
1972-12,1972,12,,0.000000000097745,false
1973-01,1973,01,,0.000000000097745,false
1973-02,1973,02,,0.000000000097745,false
1973-03,1973,03,,0.000000000097745,false
1973-04,1973,04,,0.000000000097745,false
1973-05,1973,05,,0.00000000011345,false
1973-06,1973,06,,0.00000000011345,false
1973-07,1973,07,,0.00000000011345,false
1973-08,1973,08,,0.00000000011345,false
1973-09,1973,09,,0.00000000011345,false
1973-10,1973,10,,0.00000000011345,false
1973-11,1973,11,,0.00000000011345,false
1973-12,1973,12,,0.00000000011345,false
1974-01,1974,01,,0.00000000011345,false
1974-02,1974,02,,0.00000000011345,false
1974-03,1974,03,,0.00000000011345,false
1974-04,1974,04,,0.00000000011345,false
1974-05,1974,05,,0.00000000013702,false
1974-06,1974,06,,0.00000000013702,false
1974-07,1974,07,,0.00000000013702,false
1974-08,1974,08,,0.00000000013702,false
1974-09,1974,09,,0.00000000013702,false
1974-10,1974,10,,0.00000000013702,false
1974-11,1974,11,,0.00000000013702,false
1974-12,1974,12,,0.00000000015098,false
1975-01,1975,01,,0.00000000015098,false
1975-02,1975,02,,0.00000000015098,false
1975-03,1975,03,,0.00000000015098,false
1975-04,1975,04,,0.00000000015098,false
1975-05,1975,05,,0.00000000019375,false
1975-06,1975,06,,0.00000000019375,false
1975-07,1975,07,,0.00000000019375,false
1975-08,1975,08,,0.00000000019375,false
1975-09,1975,09,,0.00000000019375,false
1975-10,1975,10,,0.00000000019375,false
1975-11,1975,11,,0.00000000019375,false
1975-12,1975,12,,0.00000000019375,false
1976-01,1976,01,,0.00000000019375,false
1976-02,1976,02,,0.00000000019375,false
1976-03,1976,03,,0.00000000019375,false
1976-04,1976,04,,0.00000000019375,false
1976-05,1976,05,,0.00000000027927,false
1976-06,1976,06,,0.00000000027927,false
1976-07,1976,07,,0.00000000027927,false
1976-08,1976,08,,0.00000000027927,false
1976-09,1976,09,,0.00000000027927,false
1976-10,1976,10,,0.00000000027927,false
1976-11,1976,11,,0.00000000027927,false
1976-12,1976,12,,0.00000000027927,false
1977-01,1977,01,,0.00000000027927,false
1977-02,1977,02,,0.00000000027927,false
1977-03,1977,03,,0.00000000027927,false
1977-04,1977,04,,0.00000000027927,false
1977-05,1977,05,,0.00000000040233,false
1977-06,1977,06,,0.00000000040233,false
1977-07,1977,07,,0.00000000040233,false
1977-08,1977,08,,0.00000000040233,false
1977-09,1977,09,,0.00000000040233,false
1977-10,1977,10,,0.00000000040233,false
1977-11,1977,11,,0.00000000040233,false
1977-12,1977,12,,0.00000000040233,false
1978-01,1978,01,,0.00000000040233,false
1978-02,1978,02,,0.00000000040233,false
1978-03,1978,03,,0.00000000040233,false
1978-04,1978,04,,0.00000000040233,false
1978-05,1978,05,,0.00000000056727,false
1978-06,1978,06,,0.00000000056727,false
1978-07,1978,07,,0.00000000056727,false
1978-08,1978,08,,0.00000000056727,false
1978-09,1978,09,,0.00000000056727,false
1978-10,1978,10,,0.00000000056727,false
1978-11,1978,11,,0.00000000056727,false
1978-12,1978,12,,0.00000000056727,false
1979-01,1979,01,,0.00000000056727,false
1979-02,1979,02,,0.00000000056727,false
1979-03,1979,03,,0.00000000056727,false
1979-04,1979,04,,0.00000000056727,false
1979-05,1979,05,,0.00000000082473,false
1979-06,1979,06,,0.00000000082473,false
1979-07,1979,07,,0.00000000082473,false
1979-08,1979,08,,0.00000000082473,false
1979-09,1979,09,,0.00000000082473,false
1979-10,1979,10,,0.00000000082473,false
1979-11,1979,11,,0.0000000010665,false
1979-12,1979,12,,0.0000000010665,false
1980-01,1980,01,,0.0000000010665,false
1980-02,1980,02,,0.0000000010665,false
1980-03,1980,03,,0.0000000010665,false
1980-04,1980,04,,0.0000000010665,false
1980-05,1980,05,,0.0000000015089,false
1980-06,1980,06,,0.0000000015089,false
1980-07,1980,07,,0.0000000015089,false
1980-08,1980,08,,0.0000000015089,false
1980-09,1980,09,,0.0000000015089,false
1980-10,1980,10,,0.0000000015089,false
1980-11,1980,11,,0.000000002105,false
1980-12,1980,12,,0.000000002105,false
1981-01,1981,01,,0.000000002105,false
1981-02,1981,02,,0.000000002105,false
1981-03,1981,03,,0.000000002105,false
1981-04,1981,04,,0.000000002105,false
1981-05,1981,05,,0.0000000030781,false
1981-06,1981,06,,0.0000000030781,false
1981-07,1981,07,,0.0000000030781,false
1981-08,1981,08,,0.0000000030781,false
1981-09,1981,09,,0.0000000030781,false
1981-10,1981,10,,0.0000000030781,false
1981-11,1981,11,,0.0000000043375,false
1981-12,1981,12,,0.0000000043375,false
1982-01,1982,01,,0.0000000043375,false
1982-02,1982,02,,0.0000000043375,false
1982-03,1982,03,,0.0000000043375,false
1982-04,1982,04,,0.0000000043375,false
1982-05,1982,05,,0.0000000060393,false
1982-06,1982,06,,0.0000000060393,false
1982-07,1982,07,,0.0000000060393,false
1982-08,1982,08,,0.0000000060393,false
1982-09,1982,09,,0.0000000060393,false
1982-10,1982,10,,0.0000000060393,false
1982-11,1982,11,,0.0000000085702,false
1982-12,1982,12,,0.0000000085702,false
1983-01,1983,01,,0.0000000085702,false
1983-02,1983,02,,0.0000000085702,false
1983-03,1983,03,,0.0000000085702,false
1983-04,1983,04,,0.0000000085702,false
1983-05,1983,05,,0.000000012646,false
1983-06,1983,06,,0.000000012646,false
1983-07,1983,07,,0.000000012646,false
1983-08,1983,08,,0.000000012646,false
1983-09,1983,09,,0.000000012646,false
1983-10,1983,10,,0.000000012646,false
1983-11,1983,11,,0.000000020771,false
1983-12,1983,12,,0.000000020771,false
1984-01,1984,01,,0.000000020771,false
1984-02,1984,02,,0.000000020771,false
1984-03,1984,03,,0.000000020771,false
1984-04,1984,04,,0.000000020771,false
1984-05,1984,05,,0.000000035337,false
1984-06,1984,06,,0.000000035337,false
1984-07,1984,07,,0.000000035337,false
1984-08,1984,08,,0.000000035337,false
1984-09,1984,09,,0.000000035337,false
1984-10,1984,10,,0.000000035337,false
1984-11,1984,11,,0.000000060567,false
1984-12,1984,12,,0.000000060567,false
1985-01,1985,01,,0.000000060567,false
1985-02,1985,02,,0.000000060567,false
1985-03,1985,03,,0.000000060567,false
1985-04,1985,04,,0.000000060567,false
1985-05,1985,05,,0.00000012113,false
1985-06,1985,06,,0.00000012113,false
1985-07,1985,07,,0.00000012113,false
1985-08,1985,08,,0.00000012113,false
1985-09,1985,09,,0.00000012113,false
1985-10,1985,10,,0.00000012113,false
1985-11,1985,11,,0.00000021818,false
1985-12,1985,12,,0.00000021818,false
1986-01,1986,01,,0.00000021818,false
1986-02,1986,02,,0.00000021818,false
1986-03,1986,03,,0.00000029236,false
1986-04,1986,04,,0.00000029236,false
1986-05,1986,05,,0.00000029236,false
1986-06,1986,06,,0.00000029236,false
1986-07,1986,07,,0.00000029236,false
1986-08,1986,08,,0.00000029236,false
1986-09,1986,09,,0.00000029236,false
1986-10,1986,10,,0.00000029236,false
1986-11,1986,11,,0.00000029236,false
1986-12,1986,12,,0.00000029236,false
1987-01,1987,01,,0.00000035084,false
1987-02,1987,02,,0.00000035084,false
1987-03,1987,03,,0.00000049745,false
1987-04,1987,04,,0.00000049745,false
1987-05,1987,05,,0.00000059695,false
1987-06,1987,06,,0.00000071633,false
1987-07,1987,07,,0.00000071633,false
1987-08,1987,08,,0.00000071636,false
1987-09,1987,09,,0.00000087273,false
1987-10,1987,10,,0.00000096,false
1987-11,1987,11,,0.0000010909,false
1987-12,1987,12,,0.0000013091,false
1988-01,1988,01,,0.0000016364,false
1988-02,1988,02,,0.00000192,false
1988-03,1988,03,,0.0000022691,false
1988-04,1988,04,,0.00000264,false
1988-05,1988,05,,0.000003168,false
1988-06,1988,06,,0.0000037702,false
1988-07,1988,07,,0.0000045251,false
1988-08,1988,08,,0.0000056553,false
1988-09,1988,09,,0.0000068945,false
1988-10,1988,10,,0.0000086182,false
1988-11,1988,11,,0.0000112,false
1988-12,1988,12,,0.0000147,false
1989-01,1989,01,,0.000019772,false
1989-02,1989,02,,0.000023236,false
1989-03,1989,03,,0.000023236,false
1989-04,1989,04,,0.000023236,false
1989-05,1989,05,,0.0000296,false
1989-06,1989,06,,0.000043636,false
1989-07,1989,07,,0.000054473,false
1989-08,1989,08,,0.000070138,false
1989-09,1989,09,,0.00009072,false
1989-10,1989,10,,0.00013881,false
1989-11,1989,11,,0.00020267,false
1989-12,1989,12,,0.00028661,false
1990-01,1990,01,,0.00046689,false
1990-02,1990,02,,0.00072886,false
1990-03,1990,03,,0.001336,false
1990-04,1990,04,,0.001336,false
1990-05,1990,05,,0.001336,false
1990-06,1990,06,,0.0014028,false
1990-07,1990,07,,0.0017835,false
1990-08,1990,08,,0.0018922,false
1990-09,1990,09,,0.0022023,false
1990-10,1990,10,,0.0023364,false
1990-11,1990,11,,0.0030289,false
1990-12,1990,12,,0.0032134,false
1991-01,1991,01,,0.004482,false
1991-02,1991,02,,0.01,false
1991-03,1991,03,,0.01,false
1991-04,1991,04,,0.01,false
1991-05,1991,05,,0.01,false
1991-06,1991,06,,0.01,false
1991-07,1991,07,,0.01,false
1991-08,1991,08,,0.01,false
1991-09,1991,09,,0.02,false
1991-10,1991,10,,0.02,false
1991-11,1991,11,,0.02,false
1991-12,1991,12,,0.02,false
1992-01,1992,01,,0.03,false
1992-02,1992,02,,0.03,false
1992-03,1992,03,,0.03,false
1992-04,1992,04,,0.03,false
1992-05,1992,05,,0.08,false
1992-06,1992,06,,0.08,false
1992-07,1992,07,,0.08,false
1992-08,1992,08,,0.08,false
1992-09,1992,09,,0.19,false
1992-10,1992,10,,0.19,false
1992-11,1992,11,,0.19,false
1992-12,1992,12,,0.19,false
1993-01,1993,01,,0.45,false
1993-02,1993,02,,0.45,false
1993-03,1993,03,,0.62,false
1993-04,1993,04,,0.62,false
1993-05,1993,05,,1.2,false
1993-06,1993,06,,1.2,false
1993-07,1993,07,,1.69,false
1993-08,1993,08,,2.01,false
1993-09,1993,09,,3.49,false
1993-10,1993,10,,4.37,false
1993-11,1993,11,,5.46,false
1993-12,1993,12,,6.82,false
1994-01,1994,01,,11.96,false
1994-02,1994,02,,15.57,false
1994-03,1994,03,,18.29,false
1994-04,1994,04,,26.01,false
1994-05,1994,05,,37.41,false
1994-06,1994,06,,53.68,false
1994-07,1994,07,,64.79,false
1994-08,1994,08,,64.79,false
1994-09,1994,09,,70,false
1994-10,1994,10,,70,false
1994-11,1994,11,,70,false
1994-12,1994,12,,70,false
1995-01,1995,01,,70,false
1995-02,1995,02,,70,false
1995-03,1995,03,,70,false
1995-04,1995,04,,70,false
1995-05,1995,05,,100,false
1995-06,1995,06,,100,false
1995-07,1995,07,,100,false
1995-08,1995,08,,100,false
1995-09,1995,09,,100,false
1995-10,1995,10,,100,false
1995-11,1995,11,,100,false
1995-12,1995,12,,100,false
1996-01,1996,01,,100,false
1996-02,1996,02,,100,false
1996-03,1996,03,,100,false
1996-04,1996,04,,100,false
1996-05,1996,05,,112,false
1996-06,1996,06,,112,false
1996-07,1996,07,,112,false
1996-08,1996,08,,112,false
1996-09,1996,09,,112,false
1996-10,1996,10,,112,false
1996-11,1996,11,,112,false
1996-12,1996,12,,112,false
1997-01,1997,01,,112,false
1997-02,1997,02,,112,false
1997-03,1997,03,,112,false
1997-04,1997,04,,112,false
1997-05,1997,05,,120,false
1997-06,1997,06,,120,false
1997-07,1997,07,,120,false
1997-08,1997,08,,120,false
1997-09,1997,09,,120,false
1997-10,1997,10,,120,false
1997-11,1997,11,,120,false
1997-12,1997,12,,120,false
1998-01,1998,01,,120,false
1998-02,1998,02,,120,false
1998-03,1998,03,,120,false
1998-04,1998,04,,120,false
1998-05,1998,05,,130,false
1998-06,1998,06,,130,false
1998-07,1998,07,,130,false
1998-08,1998,08,,130,false
1998-09,1998,09,,130,false
1998-10,1998,10,,130,false
1998-11,1998,11,,130,false
1998-12,1998,12,,130,false
1999-01,1999,01,,130,false
1999-02,1999,02,,130,false
1999-03,1999,03,,130,false
1999-04,1999,04,,130,false
1999-05,1999,05,,136,false
1999-06,1999,06,,136,false
1999-07,1999,07,,136,false
1999-08,1999,08,,136,false
1999-09,1999,09,,136,false
1999-10,1999,10,,136,false
1999-11,1999,11,,136,false
1999-12,1999,12,,136,false
2000-01,2000,01,,136,false
2000-02,2000,02,,136,false
2000-03,2000,03,,136,false
2000-04,2000,04,,151,false
2000-05,2000,05,,151,false
2000-06,2000,06,,151,false
2000-07,2000,07,,151,false
2000-08,2000,08,,151,false
2000-09,2000,09,,151,false
2000-10,2000,10,,151,false
2000-11,2000,11,,151,false
2000-12,2000,12,,151,false
2001-01,2001,01,,151,false
2001-02,2001,02,,151,false
2001-03,2001,03,,151,false
2001-04,2001,04,,180,false
2001-05,2001,05,,180,false
2001-06,2001,06,,180,false
2001-07,2001,07,,180,false
2001-08,2001,08,,180,false
2001-09,2001,09,,180,false
2001-10,2001,10,,180,false
2001-11,2001,11,,180,false
2001-12,2001,12,,180,false
2002-01,2002,01,,180,false
2002-02,2002,02,,180,false
2002-03,2002,03,,180,false
2002-04,2002,04,,200,false
2002-05,2002,05,,200,false
2002-06,2002,06,,200,false
2002-07,2002,07,,200,false
2002-08,2002,08,,200,false
2002-09,2002,09,,200,false
2002-10,2002,10,,200,false
2002-11,2002,11,,200,false
2002-12,2002,12,,200,false
2003-01,2003,01,,200,false
2003-02,2003,02,,200,false
2003-03,2003,03,,200,false
2003-04,2003,04,,240,false
2003-05,2003,05,,240,false
2003-06,2003,06,,240,false
2003-07,2003,07,,240,false
2003-08,2003,08,,240,false
2003-09,2003,09,,240,false
2003-10,2003,10,,240,false
2003-11,2003,11,,240,false
2003-12,2003,12,,240,false
2004-01,2004,01,,240,false
2004-02,2004,02,,240,false
2004-03,2004,03,,240,false
2004-04,2004,04,,240,false
2004-05,2004,05,,260,false
2004-06,2004,06,,260,false
2004-07,2004,07,,260,false
2004-08,2004,08,,260,false
2004-09,2004,09,,260,false
2004-10,2004,10,,260,false
2004-11,2004,11,,260,false
2004-12,2004,12,,260,false
2005-01,2005,01,,260,false
2005-02,2005,02,,260,false
2005-03,2005,03,,260,false
2005-04,2005,04,,260,false
2005-05,2005,05,,300,false
2005-06,2005,06,,300,false
2005-07,2005,07,,300,false
2005-08,2005,08,,300,false
2005-09,2005,09,,300,false
2005-10,2005,10,,300,false
2005-11,2005,11,,300,false
2005-12,2005,12,,300,false
2006-01,2006,01,,300,false
2006-02,2006,02,,300,false
2006-03,2006,03,,300,false
2006-04,2006,04,,350,false
2006-05,2006,05,,350,false
2006-06,2006,06,,350,false
2006-07,2006,07,,350,false
2006-08,2006,08,,350,false
2006-09,2006,09,,350,false
2006-10,2006,10,,350,false
2006-11,2006,11,,350,false
2006-12,2006,12,,350,false
2007-01,2007,01,,350,false
2007-02,2007,02,,350,false
2007-03,2007,03,,350,false
2007-04,2007,04,,380,false
2007-05,2007,05,,380,false
2007-06,2007,06,,380,false
2007-07,2007,07,,380,false
2007-08,2007,08,,380,false
2007-09,2007,09,,380,false
2007-10,2007,10,,380,false
2007-11,2007,11,,380,false
2007-12,2007,12,,380,false
2008-01,2008,01,,380,false
2008-02,2008,02,,380,false
2008-03,2008,03,,415,false
2008-04,2008,04,,415,false
2008-05,2008,05,,415,false
2008-06,2008,06,,415,false
2008-07,2008,07,,415,false
2008-08,2008,08,,415,false
2008-09,2008,09,,415,false
2008-10,2008,10,,415,false
2008-11,2008,11,,415,false
2008-12,2008,12,,415,false
2009-01,2009,01,,415,false
2009-02,2009,02,,465,false
2009-03,2009,03,,465,false
2009-04,2009,04,,465,false
2009-05,2009,05,,465,false
2009-06,2009,06,,465,false
2009-07,2009,07,,465,false
2009-08,2009,08,,465,false
2009-09,2009,09,,465,false
2009-10,2009,10,,465,false
2009-11,2009,11,,465,false
2009-12,2009,12,,465,false
2010-01,2010,01,,510,false
2010-02,2010,02,,510,false
2010-03,2010,03,,510,false
2010-04,2010,04,,510,false
2010-05,2010,05,,510,false
2010-06,2010,06,,510,false
2010-07,2010,07,,510,false
2010-08,2010,08,,510,false
2010-09,2010,09,,510,false
2010-10,2010,10,,510,false
2010-11,2010,11,,510,false
2010-12,2010,12,,510,false
2011-01,2011,01,,540,false
2011-02,2011,02,,540,false
2011-03,2011,03,,545,false
2011-04,2011,04,,545,false
2011-05,2011,05,,545,false
2011-06,2011,06,,545,false
2011-07,2011,07,,545,false
2011-08,2011,08,,545,false
2011-09,2011,09,,545,false
2011-10,2011,10,,545,false
2011-11,2011,11,,545,false
2011-12,2011,12,,545,false
2012-01,2012,01,,622,false
2012-02,2012,02,,622,false
2012-03,2012,03,,622,false
2012-04,2012,04,,622,false
2012-05,2012,05,,622,false
2012-06,2012,06,,622,false
2012-07,2012,07,,622,false
2012-08,2012,08,,622,false
2012-09,2012,09,,622,false
2012-10,2012,10,,622,false
2012-11,2012,11,,622,false
2012-12,2012,12,,622,false
2013-01,2013,01,,678,false
2013-02,2013,02,,678,false
2013-03,2013,03,,678,false
2013-04,2013,04,,678,false
2013-05,2013,05,,678,false
2013-06,2013,06,,678,false
2013-07,2013,07,,678,false
2013-08,2013,08,,678,false
2013-09,2013,09,,678,false
2013-10,2013,10,,678,false
2013-11,2013,11,,678,false
2013-12,2013,12,,678,false
2014-01,2014,01,,724,false
2014-02,2014,02,,724,false
2014-03,2014,03,,724,false
2014-04,2014,04,,724,false
2014-05,2014,05,,724,false
2014-06,2014,06,,724,false
2014-07,2014,07,,724,false
2014-08,2014,08,,724,false
2014-09,2014,09,,724,false
2014-10,2014,10,,724,false
2014-11,2014,11,,724,false
2014-12,2014,12,,724,false
2015-01,2015,01,,788,false
2015-02,2015,02,,788,false
2015-03,2015,03,,788,false
2015-04,2015,04,,788,false
2015-05,2015,05,,788,false
2015-06,2015,06,,788,false
2015-07,2015,07,,788,false
2015-08,2015,08,,788,false
2015-09,2015,09,,788,false
2015-10,2015,10,,788,false
2015-11,2015,11,,788,false
2015-12,2015,12,,788,false
2016-01,2016,01,,880,false
2016-02,2016,02,,880,false
2016-03,2016,03,,880,false
2016-04,2016,04,,880,false
2016-05,2016,05,,880,false
2016-06,2016,06,,880,false
2016-07,2016,07,,880,false
2016-08,2016,08,,880,false
2016-09,2016,09,,880,false
2016-10,2016,10,,880,false
2016-11,2016,11,,880,false
2016-12,2016,12,,880,false
2017-01,2017,01,,937,false
2017-02,2017,02,,937,false
2017-03,2017,03,,937,false
2017-04,2017,04,,937,false
2017-05,2017,05,,937,false
2017-06,2017,06,,937,false
2017-07,2017,07,,937,false
2017-08,2017,08,,937,false
2017-09,2017,09,,937,false
2017-10,2017,10,,937,false
2017-11,2017,11,,937,false
2017-12,2017,12,,937,false
2018-01,2018,01,,954,false
2018-02,2018,02,,954,false
2018-03,2018,03,,954,false
2018-04,2018,04,,954,false
2018-05,2018,05,,954,false
2018-06,2018,06,,954,false
2018-07,2018,07,,954,false
2018-08,2018,08,,954,false
2018-09,2018,09,,954,false
2018-10,2018,10,,954,false
2018-11,2018,11,,954,false
2018-12,2018,12,,954,false
2019-01,2019,01,,998,false
2019-02,2019,02,,998,false
2019-03,2019,03,,998,false
2019-04,2019,04,,998,false
2019-05,2019,05,,998,false
2019-06,2019,06,,998,false
2019-07,2019,07,,998,false
2019-08,2019,08,,998,false
2019-09,2019,09,,998,false
2019-10,2019,10,,998,false
2019-11,2019,11,,998,false
2019-12,2019,12,,998,false
2020-01,2020,01,,1039,false
2020-02,2020,02,,1045,false
2020-03,2020,03,,1045,false
2020-04,2020,04,,1045,false
2020-05,2020,05,,1045,false
2020-06,2020,06,,1045,false
2020-07,2020,07,,1045,false
2020-08,2020,08,,1045,false
2020-09,2020,09,,1045,false
2020-10,2020,10,,1045,false
2020-11,2020,11,,1045,false
2020-12,2020,12,,1045,false
2021-01,2021,01,,1100,false
2021-02,2021,02,,1100,false
2021-03,2021,03,,1100,false
2021-04,2021,04,,1100,false
2021-05,2021,05,,1100,false
2021-06,2021,06,,1100,false
2021-07,2021,07,,1100,false
2021-08,2021,08,,1100,false
2021-09,2021,09,,1100,false
2021-10,2021,10,,1100,false
2021-11,2021,11,,1100,false
2021-12,2021,12,,1100,false
2022-01,2022,01,,1212,false
2022-02,2022,02,,1212,false
2022-03,2022,03,,1212,false
2022-04,2022,04,,1212,false
2022-05,2022,05,,1212,false
2022-06,2022,06,,1212,false
2022-07,2022,07,,1212,false
2022-08,2022,08,,1212,false
2022-09,2022,09,,1212,false
2022-10,2022,10,,1212,false
2022-11,2022,11,,1212,false
2022-12,2022,12,,1212,false
2023-01,2023,01,,1302,false
2023-02,2023,02,,1302,false
2023-03,2023,03,,1302,false
2023-04,2023,04,,1302,false
2023-05,2023,05,,1320,false
2023-06,2023,06,,1320,false
2023-07,2023,07,,1320,false
2023-08,2023,08,,1320,false
2023-09,2023,09,,1320,false
2023-10,2023,10,,1320,false
2023-11,2023,11,,1320,false
2023-12,2023,12,,1320,false
2024-01,2024,01,,1412,false
2024-02,2024,02,,1412,false
2024-03,2024,03,,1412,false
2024-04,2024,04,,1412,false
2024-05,2024,05,,1412,false
2024-06,2024,06,,1412,false
2024-07,2024,07,,1412,false
2024-08,2024,08,,1412,false
2024-09,2024,09,,1412,false
2024-10,2024,10,,1412,false
2024-11,2024,11,,1412,false
2024-12,2024,12,,1412,false
